{"cameraMode":{"drawMode":0,"name":"Shaded","section":"Shading Mode"},"sceneLighting":true,"audioPlay":false,"sceneViewState":{"m_AlwaysRefresh":false,"showFog":true,"showSkybox":true,"showFlares":true,"showImageEffects":true,"showParticleSystems":true,"showVisualEffectGraphs":true,"m_FxEnabled":true},"in2DMode":false,"pivot":{"x":3.725290298461914e-9,"y":0.007197180762887001,"z":3.6106581687927248},"rotation":{"x":0.3609950542449951,"y":-0.5506365895271301,"z":0.2854168117046356,"w":0.6964499354362488},"size":17.571800231933595,"orthographic":false}